napoleon2050@medhurst.name,Giovanna Arriaga
lucius1958@mayer.biz,Isabel Lima Neto
vernie.collier@west.com,Luiz Miguel da Aldeia
deven2063@damore.name,Deneval Novaes
maudie_gorczany@boehm.biz,Giovanna Passarinho
glenna1987@hayes.info,Isabela Freitas
christelle.stracke@harber.org,Carla Antena
cecile2033@koch.com,Rafaela Negrão Jr.
brigitte2022@nicolas.biz,Dr. Roberta Casqueira
andres2067@kilback.info,João Conceição Filho
duncan1904@ferry.info,Ana Luiza Simão
myrna2010@hyatt.com,Maria Luiza Parreira
eldridge1927@hills.com,Dra. João Pedro Pereira Filho
ruthe2014@kertzmann.name,Karla Rolim
hosea.kuphal@harber.name,Júlia da Luz
melany.prosacco@rutherford.com,Vicente Diegues Neto
muriel.cummerata@paucek.biz,Dr. Pedro Lucas Roriz
juston_kiehn@grimes.biz,Ian de Quadros
sydnie_gutmann@paucek.info,Gael Cachoeira
edythe.wolf@stroman.name,Marcela Alves
kay1973@jones.info,João Lucas Oliveira
lia1955@kutch.biz,Giovanna Pires
robert1989@kerluke.com,Breno Barbosa Jr.
jackson1930@thiel.net,César Teles Jr.
joanne1926@hoeger.net,Tiago Peixoto Neto
julio_hahn@dibbert.org,Ana Bouças
randi1938@nicolas.org,Alice Corte
isabelle2018@paucek.name,Felipe Diegues Neto
valentina.ward@kunze.biz,Samuel Roseira
kip2043@murazik.org,Srta. Ana Luiza Galvão Neto
rosalee2047@stehr.net,Vicente Brites
kianna_boehm@daugherty.com,Srta. Antônio Rolim
shyann2002@anderson.com,Joana Vasques
morris_hirthe@deckow.biz,Srta. Alice Dantas Jr.
gene.sporer@brekke.com,Mariah Regueira Filho
emmy_block@oconnell.name,Isis Carvalheira Neto
dan.waelchi@jones.name,Dr. Félix da Rosa
regan.lubowitz@homenick.name,Vinícius Coqueiro
tianna1922@ankunding.biz,Letícia Gabeira
weston.gerlach@fadel.name,Luiz Laranjeira
kyle1909@stoltenberg.info,Frederico Goulart
nona_purdy@buckridge.name,Isabela Moura
unique1946@moore.biz,Sr. Ana do Prado Jr.
ariane1974@kub.com,Bruna Chaves
neva.hauck@kuhic.name,Oliver Bomdia
darwin2079@gleason.net,Frederico Sá
agustin1965@crooks.net,Dra. Maria Cecília Cavalcanti Jr.
alta_kuhn@keeling.info,Isabella Pinto
natalie1936@toy.name,Davi Miguel Custódio
andersonduran@gmail.com,Duranzote
